{
  "version": 1,
  "author": "Fransiska Natasya",
  "editor": "wokwi",
  "parts": [
    { "type": "board-esp32-devkit-c-v4", "id": "esp", "top": 0, "left": 0, "attrs": {} },
    { "type": "wokwi-led", "id": "led1", "top": -3.6, "left": 138.2, "attrs": { "color": "red" } },
    {
      "type": "wokwi-led",
      "id": "led2",
      "top": -3.6,
      "left": 176.6,
      "attrs": { "color": "yellow" }
    },
    {
      "type": "wokwi-led",
      "id": "led3",
      "top": -3.6,
      "left": 215,
      "attrs": { "color": "limegreen" }
    },
    {
      "type": "wokwi-pushbutton",
      "id": "btn1",
      "top": 15.8,
      "left": -115.2,
      "attrs": { "color": "green", "xray": "1" }
    },
    {
      "type": "wokwi-pushbutton",
      "id": "btn2",
      "top": 73.4,
      "left": -115.2,
      "attrs": { "color": "green", "xray": "1" }
    },
    {
      "type": "wokwi-pushbutton",
      "id": "btn3",
      "top": 131,
      "left": -115.2,
      "attrs": { "color": "green", "xray": "1" }
    },
    {
      "type": "wokwi-resistor",
      "id": "r1",
      "top": 91.2,
      "left": 133.85,
      "rotate": 90,
      "attrs": { "value": "1000" }
    },
    {
      "type": "wokwi-resistor",
      "id": "r2",
      "top": 91.2,
      "left": 210.65,
      "rotate": 90,
      "attrs": { "value": "1000" }
    },
    {
      "type": "wokwi-resistor",
      "id": "r3",
      "top": 91.2,
      "left": 172.25,
      "rotate": 90,
      "attrs": { "value": "1000" }
    },
    { "type": "wokwi-junction", "id": "j1", "top": 120, "left": -139.2, "attrs": {} }
  ],
  "connections": [
    [ "esp:TX", "$serialMonitor:RX", "", [] ],
    [ "esp:RX", "$serialMonitor:TX", "", [] ],
    [ "btn1:1.r", "esp:34", "green", [ "h29", "v38.4" ] ],
    [ "btn2:1.r", "esp:35", "green", [ "v0" ] ],
    [ "btn3:1.r", "esp:32", "green", [ "h29", "v-57.6" ] ],
    [ "btn1:2.r", "j1:J", "green", [ "v19.4", "h-86.2" ] ],
    [ "btn2:2.r", "j1:J", "green", [ "v19.4", "h-86.2" ] ],
    [ "j1:J", "btn3:2.r", "green", [ "v67.2", "h86.2" ] ],
    [ "btn3:2.r", "esp:GND.1", "green", [ "v-9.4", "h52.81" ] ],
    [ "led1:A", "r1:1", "green", [ "v0" ] ],
    [ "led2:A", "r3:1", "green", [ "v0" ] ],
    [ "led3:A", "r2:1", "green", [ "v0" ] ],
    [ "r1:2", "esp:23", "green", [ "h-38.4", "v-87.6" ] ],
    [ "r3:2", "esp:22", "green", [ "h-67.2", "v-78" ] ],
    [ "r2:2", "esp:21", "green", [ "h-124.8", "v-49.2" ] ],
    [ "led1:C", "esp:GND.2", "black", [ "h-47.6", "v0", "h-4.84" ] ],
    [ "led2:C", "esp:GND.2", "black", [ "h-66.8", "v0", "h-24.04" ] ],
    [ "led3:C", "esp:GND.2", "black", [ "h-95.6", "v0", "h-33.64" ] ]
  ],
  "dependencies": {}
}