{
  "version": 1,
  "author": "Fransiska Natasya",
  "editor": "wokwi",
  "parts": [
    { "type": "wokwi-esp32-devkit-v1", "id": "esp", "top": 4.7, "left": 4.6, "attrs": {} },
    {
      "type": "wokwi-lcd1602",
      "id": "lcd1",
      "top": -80,
      "left": 197.6,
      "attrs": { "pins": "i2c" }
    }
  ],
  "connections": [
    [ "esp:TX0", "$serialMonitor:RX", "", [] ],
    [ "esp:RX0", "$serialMonitor:TX", "", [] ],
    [ "lcd1:SCL", "esp:D22", "violet", [ "h-76.8", "v67.8" ] ],
    [ "lcd1:VCC", "esp:3V3", "red", [ "h-67.2", "v206.6" ] ],
    [ "lcd1:GND", "esp:GND.1", "black", [ "h-38.4", "v211.3" ] ],
    [ "lcd1:SDA", "esp:D21", "cyan", [ "h-57.6", "v101.5" ] ]
  ],
  "dependencies": {}
}