{
  "version": 1,
  "author": "Fransiska Natasya",
  "editor": "wokwi",
  "parts": [
    { "type": "board-esp32-devkit-c-v4", "id": "esp", "top": 9.6, "left": -321.56, "attrs": {} },
    {
      "type": "wokwi-resistor",
      "id": "r1",
      "top": 72,
      "left": -96.55,
      "rotate": 90,
      "attrs": { "value": "1000" }
    },
    {
      "type": "wokwi-resistor",
      "id": "r2",
      "top": 72,
      "left": -154.15,
      "rotate": 90,
      "attrs": { "value": "1000" }
    },
    {
      "type": "wokwi-resistor",
      "id": "r3",
      "top": 72,
      "left": -29.35,
      "rotate": 90,
      "attrs": { "value": "1000" }
    },
    { "type": "wokwi-led", "id": "led1", "top": -70.8, "left": -25, "attrs": { "color": "red" } },
    {
      "type": "wokwi-led",
      "id": "led2",
      "top": -70.8,
      "left": -92.2,
      "attrs": { "color": "yellow" }
    },
    {
      "type": "wokwi-led",
      "id": "led3",
      "top": -70.8,
      "left": -149.8,
      "attrs": { "color": "limegreen" }
    }
  ],
  "connections": [
    [ "esp:TX", "$serialMonitor:RX", "", [] ],
    [ "esp:RX", "$serialMonitor:TX", "", [] ],
    [ "led3:A", "r2:1", "violet", [ "v0" ] ],
    [ "led2:A", "r1:1", "violet", [ "v0" ] ],
    [ "led1:A", "r3:1", "violet", [ "v0" ] ],
    [ "r2:2", "esp:19", "cyan", [ "h0" ] ],
    [ "r1:2", "esp:18", "cyan", [ "v8.4", "h-153.6" ] ],
    [ "r3:2", "esp:17", "cyan", [ "v27.6", "h-220.8" ] ],
    [ "led3:C", "esp:GND.2", "green", [ "v0" ] ],
    [ "led2:C", "esp:GND.2", "green", [ "v0" ] ],
    [ "led1:C", "esp:GND.2", "green", [ "v0" ] ]
  ],
  "dependencies": {}
}