{
  "version": 1,
  "author": "Fransiska Natasya",
  "editor": "wokwi",
  "parts": [
    { "type": "board-esp32-devkit-c-v4", "id": "esp", "top": 0, "left": 0, "attrs": {} },
    { "type": "wokwi-dht22", "id": "dht1", "top": -47.7, "left": 157.8, "attrs": {} },
    {
      "type": "board-ssd1306",
      "id": "oled1",
      "top": 70.34,
      "left": -162.97,
      "attrs": { "i2cAddress": "0x3c" }
    },
    {
      "type": "wokwi-photoresistor-sensor",
      "id": "ldr1",
      "top": 185.6,
      "left": -210.4,
      "attrs": {}
    }
  ],
  "connections": [
    [ "esp:TX", "$serialMonitor:RX", "", [] ],
    [ "esp:RX", "$serialMonitor:TX", "", [] ],
    [ "dht1:VCC", "esp:3V3", "red", [ "h-38.4", "v-105.6", "h-129.79" ] ],
    [ "dht1:GND", "esp:GND.2", "black", [ "v19.2", "h-76.8", "v-57.6" ] ],
    [ "oled1:GND", "esp:GND.1", "black", [ "v-19.2", "h76.8", "v96" ] ],
    [ "oled1:VCC", "esp:3V3", "red", [ "v0" ] ],
    [ "oled1:SCL", "esp:22", "green", [ "v-115.2", "h182.7", "v86.4" ] ],
    [ "oled1:SDA", "esp:21", "green", [ "v0" ] ],
    [ "ldr1:VCC", "esp:3V3", "red", [ "h28.8", "v-172.8" ] ],
    [ "ldr1:GND", "esp:GND.1", "black", [ "h19.2", "v-58" ] ],
    [ "ldr1:DO", "esp:14", "magenta", [ "h38.4", "v-87" ] ],
    [ "ldr1:AO", "esp:34", "yellow", [ "h9.6", "v-163.9" ] ],
    [ "dht1:SDA", "esp:4", "green", [ "v0" ] ]
  ],
  "dependencies": {}
}